penalty,n_items,items_code,items_label,mae,hi_missed_pct,kappa,n_scored,mae_vs_a1,a1_mae_ref,a0_miss_pct_ref,champion,pass,score,rank
EN,10,"ADL0102,ADL0103,ADL0104,ADL0105,ADL0106A,ADL0107A,ADL0110A,ADL0115A,ADL0116A,Q18","Q2걷기,Q3화장실,Q4목욕,Q5몸단장,Q6a옷고르기,Q7전화,Q10설거지,Q15외출,Q16a쇼핑,Q18혼자있기",0.532,14.93,0.5662,2171,0.0567,0.5887,17.75,True,True,0.8724064242769339,1
EN,12,"ADL0101,ADL0102,ADL0103,ADL0104,ADL0105,ADL0106A,ADL0107A,ADL0110A,ADL0115A,ADL0116A,ADL0117A,Q18","Q1먹기,Q2걷기,Q3화장실,Q4목욕,Q5몸단장,Q6a옷고르기,Q7전화,Q10설거지,Q15외출,Q16a쇼핑,Q17금전,Q18혼자있기",0.5325,14.93,0.5664,2169,0.0562,0.5887,17.75,True,True,0.872831088791967,2
EN,11,"ADL0102,ADL0103,ADL0104,ADL0105,ADL0106A,ADL0107A,ADL0110A,ADL0115A,ADL0116A,ADL0117A,Q18","Q2걷기,Q3화장실,Q4목욕,Q5몸단장,Q6a옷고르기,Q7전화,Q10설거지,Q15외출,Q16a쇼핑,Q17금전,Q18혼자있기",0.5339,14.93,0.565,2169,0.0549,0.5887,17.75,True,True,0.8740201494340598,3
EN,12,"ADL0101,ADL0102,ADL0103,ADL0104,ADL0105,ADL0106A,ADL0107A,ADL0113A,ADL0115A,ADL0116A,ADL0117A,Q18","Q1먹기,Q2걷기,Q3화장실,Q4목욕,Q5몸단장,Q6a옷고르기,Q7전화,Q13빨래,Q15외출,Q16a쇼핑,Q17금전,Q18혼자있기",0.5353,14.93,0.5656,2167,0.0534,0.5887,17.75,True,True,0.8752092100761526,4
EN,11,"ADL0102,ADL0103,ADL0104,ADL0105,ADL0106A,ADL0107A,ADL0110A,ADL0113A,ADL0115A,ADL0116A,Q18","Q2걷기,Q3화장실,Q4목욕,Q5몸단장,Q6a옷고르기,Q7전화,Q10설거지,Q13빨래,Q15외출,Q16a쇼핑,Q18혼자있기",0.5353,14.93,0.5645,2165,0.0534,0.5887,17.75,True,True,0.8752092100761526,5
EN,12,"ADL0102,ADL0103,ADL0104,ADL0105,ADL0106A,ADL0107A,ADL0110A,ADL0113A,ADL0115A,ADL0116A,ADL0117A,Q18","Q2걷기,Q3화장실,Q4목욕,Q5몸단장,Q6a옷고르기,Q7전화,Q10설거지,Q13빨래,Q15외출,Q16a쇼핑,Q17금전,Q18혼자있기",0.5354,14.93,0.565,2163,0.0534,0.5887,17.75,True,True,0.8752941429791592,6
EN,11,"ADL0101,ADL0102,ADL0103,ADL0104,ADL0105,ADL0106A,ADL0107A,ADL0113A,ADL0115A,ADL0116A,Q18","Q1먹기,Q2걷기,Q3화장실,Q4목욕,Q5몸단장,Q6a옷고르기,Q7전화,Q13빨래,Q15외출,Q16a쇼핑,Q18혼자있기",0.5362,14.93,0.5653,2169,0.0526,0.5887,17.75,True,True,0.8759736062032122,7
EN,12,"ADL0101,ADL0102,ADL0103,ADL0104,ADL0105,ADL0106A,ADL0107A,ADL0110A,ADL0113A,ADL0115A,ADL0116A,Q18","Q1먹기,Q2걷기,Q3화장실,Q4목욕,Q5몸단장,Q6a옷고르기,Q7전화,Q10설거지,Q13빨래,Q15외출,Q16a쇼핑,Q18혼자있기",0.5363,14.93,0.5643,2165,0.0525,0.5887,17.75,True,True,0.8760585391062188,8
EN,12,"ADL0102,ADL0103,ADL0104,ADL0105,ADL0106B,ADL0106A,ADL0107A,ADL0113A,ADL0115A,ADL0116A,Q18,ADL0121A","Q2걷기,Q3화장실,Q4목욕,Q5몸단장,Q6b옷입기,Q6a옷고르기,Q7전화,Q13빨래,Q15외출,Q16a쇼핑,Q18혼자있기,Q21글쓰기",0.535,14.98,0.5657,2155,0.0537,0.5887,17.75,True,True,0.876362862071358,9
EN,13,"ADL0101,ADL0102,ADL0103,ADL0104,ADL0105,ADL0106B,ADL0106A,ADL0107A,ADL0113A,ADL0115A,ADL0116A,Q18,ADL0121A","Q1먹기,Q2걷기,Q3화장실,Q4목욕,Q5몸단장,Q6b옷입기,Q6a옷고르기,Q7전화,Q13빨래,Q15외출,Q16a쇼핑,Q18혼자있기,Q21글쓰기",0.5364,14.98,0.5661,2155,0.0523,0.5887,17.75,True,True,0.8775519227134507,10
EN,13,"ADL0102,ADL0103,ADL0104,ADL0105,ADL0106B,ADL0106A,ADL0107A,ADL0113A,ADL0115A,ADL0116A,ADL0117A,Q18,ADL0121A","Q2걷기,Q3화장실,Q4목욕,Q5몸단장,Q6b옷입기,Q6a옷고르기,Q7전화,Q13빨래,Q15외출,Q16a쇼핑,Q17금전,Q18혼자있기,Q21글쓰기",0.5374,14.98,0.5656,2153,0.0514,0.5887,17.75,True,True,0.878401251743517,11
EN,14,"ADL0101,ADL0102,ADL0103,ADL0104,ADL0105,ADL0106B,ADL0106A,ADL0107A,ADL0113A,ADL0115A,ADL0116A,ADL0117A,Q18,ADL0121A","Q1먹기,Q2걷기,Q3화장실,Q4목욕,Q5몸단장,Q6b옷입기,Q6a옷고르기,Q7전화,Q13빨래,Q15외출,Q16a쇼핑,Q17금전,Q18혼자있기,Q21글쓰기",0.5379,14.98,0.5665,2153,0.0509,0.5887,17.75,True,True,0.8788259162585501,12
EN,10,"ADL0101,ADL0102,ADL0103,ADL0104,ADL0105,ADL0106A,ADL0107A,ADL0115A,ADL0116A,Q18","Q1먹기,Q2걷기,Q3화장실,Q4목욕,Q5몸단장,Q6a옷고르기,Q7전화,Q15외출,Q16a쇼핑,Q18혼자있기",0.5172,15.62,0.5765,2175,0.0715,0.5887,17.75,True,True,0.8792729743502633,13
L2,11,"ADL0102,ADL0103,ADL0104,ADL0105,ADL0106B,ADL0106A,ADL0107A,ADL0115A,ADL0116A,ADL0116B,ADL0122Q","Q2걷기,Q3화장실,Q4목욕,Q5몸단장,Q6b옷입기,Q6a옷고르기,Q7전화,Q15외출,Q16a쇼핑,Q16b지불,Q22취미",0.5703,14.04,0.5507,2192,0.0185,0.5887,17.75,True,True,0.87986530359326,14
EN,14,"ADL0101,ADL0103,ADL0104,ADL0105,ADL0106A,ADL0107A,ADL0110A,ADL0112A,ADL0115A,ADL0116A,ADL0116B,ADL0117A,Q18,ADL0122Q","Q1먹기,Q3화장실,Q4목욕,Q5몸단장,Q6a옷고르기,Q7전화,Q10설거지,Q12집안일,Q15외출,Q16a쇼핑,Q16b지불,Q17금전,Q18혼자있기,Q22취미",0.5395,14.98,0.5681,2163,0.0492,0.5887,17.75,True,True,0.8801848427066561,15
L2,12,"ADL0102,ADL0103,ADL0104,ADL0105,ADL0106B,ADL0106A,ADL0107A,ADL0115A,ADL0116A,ADL0116B,ADL0117A,ADL0122Q","Q2걷기,Q3화장실,Q4목욕,Q5몸단장,Q6b옷입기,Q6a옷고르기,Q7전화,Q15외출,Q16a쇼핑,Q16b지불,Q17금전,Q22취미",0.5708,14.04,0.5495,2190,0.018,0.5887,17.75,True,True,0.880289968108293,16
EN,13,"ADL0101,ADL0103,ADL0104,ADL0105,ADL0106A,ADL0107A,ADL0110A,ADL0112A,ADL0115A,ADL0116A,ADL0116B,Q18,ADL0122Q","Q1먹기,Q3화장실,Q4목욕,Q5몸단장,Q6a옷고르기,Q7전화,Q10설거지,Q12집안일,Q15외출,Q16a쇼핑,Q16b지불,Q18혼자있기,Q22취미",0.54,14.98,0.569,2165,0.0488,0.5887,17.75,True,True,0.8806095072216893,17
EN,12,"ADL0101,ADL0103,ADL0104,ADL0105,ADL0106B,ADL0106A,ADL0107A,ADL0110A,ADL0114A,ADL0115A,ADL0116A,ADL0117A","Q1먹기,Q3화장실,Q4목욕,Q5몸단장,Q6b옷입기,Q6a옷고르기,Q7전화,Q10설거지,Q14가전,Q15외출,Q16a쇼핑,Q17금전",0.5713,14.04,0.5434,2188,0.0174,0.5887,17.75,True,True,0.8807146326233262,18
L2,12,"ADL0101,ADL0102,ADL0103,ADL0104,ADL0105,ADL0106B,ADL0106A,ADL0107A,ADL0115A,ADL0116A,ADL0116B,ADL0122Q","Q1먹기,Q2걷기,Q3화장실,Q4목욕,Q5몸단장,Q6b옷입기,Q6a옷고르기,Q7전화,Q15외출,Q16a쇼핑,Q16b지불,Q22취미",0.5716,14.04,0.5471,2192,0.0171,0.5887,17.75,True,True,0.880969431332346,19
EN,11,"ADL0101,ADL0102,ADL0103,ADL0104,ADL0105,ADL0106A,ADL0107A,ADL0115A,ADL0116A,ADL0117A,Q18","Q1먹기,Q2걷기,Q3화장실,Q4목욕,Q5몸단장,Q6a옷고르기,Q7전화,Q15외출,Q16a쇼핑,Q17금전,Q18혼자있기",0.532,15.28,0.5673,2173,0.0568,0.5887,17.75,True,True,0.8822655792065114,20
EN,12,"ADL0102,ADL0103,ADL0104,ADL0105,ADL0106B,ADL0106A,ADL0107A,ADL0113A,ADL0115A,ADL0116A,ADL0117A,Q18","Q2걷기,Q3화장실,Q4목욕,Q5몸단장,Q6b옷입기,Q6a옷고르기,Q7전화,Q13빨래,Q15외출,Q16a쇼핑,Q17금전,Q18혼자있기",0.5325,15.28,0.566,2167,0.0562,0.5887,17.75,True,True,0.8826902437215445,21
EN,11,"ADL0102,ADL0103,ADL0104,ADL0105,ADL0106B,ADL0106A,ADL0107A,ADL0113A,ADL0115A,ADL0116A,Q18","Q2걷기,Q3화장실,Q4목욕,Q5몸단장,Q6b옷입기,Q6a옷고르기,Q7전화,Q13빨래,Q15외출,Q16a쇼핑,Q18혼자있기",0.533,15.28,0.5663,2169,0.0558,0.5887,17.75,True,True,0.8831149082365777,22
EN,13,"ADL0101,ADL0102,ADL0103,ADL0104,ADL0105,ADL0106A,ADL0107A,ADL0110A,ADL0114A,ADL0115A,ADL0116A,ADL0117A,Q18","Q1먹기,Q2걷기,Q3화장실,Q4목욕,Q5몸단장,Q6a옷고르기,Q7전화,Q10설거지,Q14가전,Q15외출,Q16a쇼핑,Q17금전,Q18혼자있기",0.5332,15.28,0.5677,2168,0.0555,0.5887,17.75,True,True,0.8832847740425909,23
EN,10,"ADL0102,ADL0103,ADL0104,ADL0105,ADL0106A,ADL0107A,ADL0115A,ADL0116A,ADL0117A,Q18","Q2걷기,Q3화장실,Q4목욕,Q5몸단장,Q6a옷고르기,Q7전화,Q15외출,Q16a쇼핑,Q17금전,Q18혼자있기",0.5334,15.28,0.566,2173,0.0554,0.5887,17.75,True,True,0.8834546398486041,24
EN,12,"ADL0102,ADL0103,ADL0104,ADL0105,ADL0106B,ADL0106A,ADL0107A,ADL0110A,ADL0113A,ADL0115A,ADL0116A,Q18","Q2걷기,Q3화장실,Q4목욕,Q5몸단장,Q6b옷입기,Q6a옷고르기,Q7전화,Q10설거지,Q13빨래,Q15외출,Q16a쇼핑,Q18혼자있기",0.5335,15.28,0.5633,2165,0.0553,0.5887,17.75,True,True,0.8835395727516107,25
EN,9,"ADL0102,ADL0103,ADL0104,ADL0105,ADL0106A,ADL0107A,ADL0115A,ADL0116A,Q18","Q2걷기,Q3화장실,Q4목욕,Q5몸단장,Q6a옷고르기,Q7전화,Q15외출,Q16a쇼핑,Q18혼자있기",0.5338,15.28,0.5667,2175,0.0549,0.5887,17.75,True,True,0.8837943714606307,26
EN,12,"ADL0101,ADL0102,ADL0103,ADL0104,ADL0105,ADL0106B,ADL0106A,ADL0107A,ADL0113A,ADL0115A,ADL0116A,Q18","Q1먹기,Q2걷기,Q3화장실,Q4목욕,Q5몸단장,Q6b옷입기,Q6a옷고르기,Q7전화,Q13빨래,Q15외출,Q16a쇼핑,Q18혼자있기",0.5339,15.28,0.5687,2169,0.0549,0.5887,17.75,True,True,0.8838793043636373,27
EN,13,"ADL0101,ADL0102,ADL0103,ADL0104,ADL0105,ADL0106B,ADL0106A,ADL0107A,ADL0113A,ADL0115A,ADL0116A,ADL0117A,Q18","Q1먹기,Q2걷기,Q3화장실,Q4목욕,Q5몸단장,Q6b옷입기,Q6a옷고르기,Q7전화,Q13빨래,Q15외출,Q16a쇼핑,Q17금전,Q18혼자있기",0.5344,15.28,0.5683,2167,0.0544,0.5887,17.75,True,True,0.8843039688786704,28
EN,13,"ADL0102,ADL0103,ADL0104,ADL0105,ADL0106B,ADL0106A,ADL0107A,ADL0110A,ADL0113A,ADL0115A,ADL0116A,ADL0117A,Q18","Q2걷기,Q3화장실,Q4목욕,Q5몸단장,Q6b옷입기,Q6a옷고르기,Q7전화,Q10설거지,Q13빨래,Q15외출,Q16a쇼핑,Q17금전,Q18혼자있기",0.5344,15.28,0.5631,2163,0.0543,0.5887,17.75,True,True,0.8843039688786704,29
EN,13,"ADL0101,ADL0102,ADL0103,ADL0104,ADL0105,ADL0106B,ADL0106A,ADL0107A,ADL0110A,ADL0113A,ADL0115A,ADL0116A,Q18","Q1먹기,Q2걷기,Q3화장실,Q4목욕,Q5몸단장,Q6b옷입기,Q6a옷고르기,Q7전화,Q10설거지,Q13빨래,Q15외출,Q16a쇼핑,Q18혼자있기",0.5344,15.28,0.5635,2165,0.0543,0.5887,17.75,True,True,0.8843039688786704,30
EN,13,"ADL0103,ADL0104,ADL0105,ADL0106A,ADL0107A,ADL0110A,ADL0112A,ADL0115A,ADL0116A,ADL0116B,ADL0117A,Q18,ADL0122Q","Q3화장실,Q4목욕,Q5몸단장,Q6a옷고르기,Q7전화,Q10설거지,Q12집안일,Q15외출,Q16a쇼핑,Q16b지불,Q17금전,Q18혼자있기,Q22취미",0.5446,14.98,0.5681,2163,0.0441,0.5887,17.75,True,True,0.884516420759994,31
L2,12,"ADL0102,ADL0103,ADL0104,ADL0105,ADL0106A,ADL0107A,ADL0113A,ADL0115A,ADL0116A,ADL0117A,Q18,ADL0122Q","Q2걷기,Q3화장실,Q4목욕,Q5몸단장,Q6a옷고르기,Q7전화,Q13빨래,Q15외출,Q16a쇼핑,Q17금전,Q18혼자있기,Q22취미",0.512,15.97,0.5821,2164,0.0767,0.5887,17.75,True,True,0.8847156183234963,32
L2,11,"ADL0103,ADL0104,ADL0105,ADL0106A,ADL0110A,ADL0115A,ADL0116A,ADL0116B,ADL0117A,ADL0122Q,ADL0123L","Q3화장실,Q4목욕,Q5몸단장,Q6a옷고르기,Q10설거지,Q15외출,Q16a쇼핑,Q16b지불,Q17금전,Q22취미,Q23가전사용",0.5421,15.07,0.5644,2186,0.0467,0.5887,17.75,True,True,0.8849283094524341,33
EN,10,"ADL0102,ADL0103,ADL0104,ADL0105,ADL0106A,ADL0107A,ADL0113A,ADL0115A,ADL0116A,Q18","Q2걷기,Q3화장실,Q4목욕,Q5몸단장,Q6a옷고르기,Q7전화,Q13빨래,Q15외출,Q16a쇼핑,Q18혼자있기",0.5357,15.28,0.5659,2169,0.053,0.5887,17.75,True,True,0.8854080966177564,34
L2,10,"ADL0103,ADL0104,ADL0105,ADL0106A,ADL0110A,ADL0115A,ADL0116A,ADL0116B,ADL0122Q,ADL0123L","Q3화장실,Q4목욕,Q5몸단장,Q6a옷고르기,Q10설거지,Q15외출,Q16a쇼핑,Q16b지불,Q22취미,Q23가전사용",0.543,15.07,0.5655,2188,0.0458,0.5887,17.75,True,True,0.8856927055794936,35
EN,12,"ADL0103,ADL0104,ADL0105,ADL0106A,ADL0107A,ADL0110A,ADL0112A,ADL0115A,ADL0116A,ADL0116B,Q18,ADL0122Q","Q3화장실,Q4목욕,Q5몸단장,Q6a옷고르기,Q7전화,Q10설거지,Q12집안일,Q15외출,Q16a쇼핑,Q16b지불,Q18혼자있기,Q22취미",0.546,14.98,0.5695,2165,0.0428,0.5887,17.75,True,True,0.8857054814020868,36
L2,13,"ADL0101,ADL0102,ADL0103,ADL0104,ADL0105,ADL0106A,ADL0107A,ADL0111A,ADL0114A,ADL0115A,ADL0116A,ADL0117A,Q18","Q1먹기,Q2걷기,Q3화장실,Q4목욕,Q5몸단장,Q6a옷고르기,Q7전화,Q11식사준비,Q14가전,Q15외출,Q16a쇼핑,Q17금전,Q18혼자있기",0.5461,14.98,0.5624,2168,0.0426,0.5887,17.75,True,True,0.8857904143050934,37
L2,12,"ADL0102,ADL0103,ADL0104,ADL0105,ADL0106A,ADL0107A,ADL0111A,ADL0114A,ADL0115A,ADL0116A,Q18,ADL0122Q","Q2걷기,Q3화장실,Q4목욕,Q5몸단장,Q6a옷고르기,Q7전화,Q11식사준비,Q14가전,Q15외출,Q16a쇼핑,Q18혼자있기,Q22취미",0.5468,14.98,0.5675,2167,0.0419,0.5887,17.75,True,True,0.8863849446261397,38
EN,13,"ADL0101,ADL0103,ADL0104,ADL0105,ADL0106A,ADL0110A,ADL0112A,ADL0115A,ADL0116A,ADL0116B,ADL0117A,Q18,ADL0122Q","Q1먹기,Q3화장실,Q4목욕,Q5몸단장,Q6a옷고르기,Q10설거지,Q12집안일,Q15외출,Q16a쇼핑,Q16b지불,Q17금전,Q18혼자있기,Q22취미",0.5469,14.98,0.5633,2165,0.0419,0.5887,17.75,True,True,0.8864698775291464,39
EN,11,"ADL0102,ADL0103,ADL0104,ADL0105,ADL0106A,ADL0107A,ADL0113A,ADL0115A,ADL0116A,ADL0117A,Q18","Q2걷기,Q3화장실,Q4목욕,Q5몸단장,Q6a옷고르기,Q7전화,Q13빨래,Q15외출,Q16a쇼핑,Q17금전,Q18혼자있기",0.5371,15.28,0.5637,2167,0.0516,0.5887,17.75,True,True,0.8865971572598492,40
EN,13,"ADL0101,ADL0103,ADL0104,ADL0105,ADL0106B,ADL0106A,ADL0107A,ADL0113A,ADL0115A,ADL0116A,Q18,ADL0121A,ADL0123L","Q1먹기,Q3화장실,Q4목욕,Q5몸단장,Q6b옷입기,Q6a옷고르기,Q7전화,Q13빨래,Q15외출,Q16a쇼핑,Q18혼자있기,Q21글쓰기,Q23가전사용",0.5355,15.33,0.564,2155,0.0532,0.5887,17.75,True,True,0.8866466815159686,41
EN,11,"ADL0102,ADL0103,ADL0104,ADL0105,ADL0106A,ADL0107A,ADL0110A,ADL0114A,ADL0115A,ADL0116A,Q18","Q2걷기,Q3화장실,Q4목욕,Q5몸단장,Q6a옷고르기,Q7전화,Q10설거지,Q14가전,Q15외출,Q16a쇼핑,Q18혼자있기",0.5373,15.28,0.565,2170,0.0514,0.5887,17.75,True,True,0.8867670230658624,42
EN,12,"ADL0102,ADL0103,ADL0104,ADL0105,ADL0106A,ADL0107A,ADL0110A,ADL0114A,ADL0115A,ADL0116A,ADL0117A,Q18","Q2걷기,Q3화장실,Q4목욕,Q5몸단장,Q6a옷고르기,Q7전화,Q10설거지,Q14가전,Q15외출,Q16a쇼핑,Q17금전,Q18혼자있기",0.5374,15.28,0.5655,2168,0.0514,0.5887,17.75,True,True,0.8868519559688691,43
L2,12,"ADL0102,ADL0103,ADL0104,ADL0105,ADL0106A,ADL0107A,ADL0111A,ADL0114A,ADL0115A,ADL0116A,ADL0117A,Q18","Q2걷기,Q3화장실,Q4목욕,Q5몸단장,Q6a옷고르기,Q7전화,Q11식사준비,Q14가전,Q15외출,Q16a쇼핑,Q17금전,Q18혼자있기",0.5475,14.98,0.5625,2168,0.0412,0.5887,17.75,True,True,0.8869794749471861,44
EN,14,"ADL0101,ADL0103,ADL0104,ADL0105,ADL0106B,ADL0106A,ADL0107A,ADL0113A,ADL0115A,ADL0116A,ADL0117A,Q18,ADL0121A,ADL0123L","Q1먹기,Q3화장실,Q4목욕,Q5몸단장,Q6b옷입기,Q6a옷고르기,Q7전화,Q13빨래,Q15외출,Q16a쇼핑,Q17금전,Q18혼자있기,Q21글쓰기,Q23가전사용",0.536,15.33,0.5649,2153,0.0527,0.5887,17.75,True,True,0.8870713460310018,45
EN,14,"ADL0101,ADL0102,ADL0103,ADL0104,ADL0105,ADL0106B,ADL0106A,ADL0107A,ADL0110A,ADL0113A,ADL0115A,ADL0116A,ADL0117A,Q18","Q1먹기,Q2걷기,Q3화장실,Q4목욕,Q5몸단장,Q6b옷입기,Q6a옷고르기,Q7전화,Q10설거지,Q13빨래,Q15외출,Q16a쇼핑,Q17금전,Q18혼자있기",0.5377,15.28,0.5621,2163,0.0511,0.5887,17.75,True,True,0.887106754677889,46
EN,12,"ADL0101,ADL0103,ADL0104,ADL0105,ADL0106A,ADL0110A,ADL0112A,ADL0115A,ADL0116A,ADL0116B,Q18,ADL0122Q","Q1먹기,Q3화장실,Q4목욕,Q5몸단장,Q6a옷고르기,Q10설거지,Q12집안일,Q15외출,Q16a쇼핑,Q16b지불,Q18혼자있기,Q22취미",0.5478,14.98,0.5628,2167,0.041,0.5887,17.75,True,True,0.887234273656206,47
L2,11,"ADL0103,ADL0104,ADL0105,ADL0106B,ADL0106A,ADL0107A,ADL0111A,ADL0115A,ADL0116A,Q18,ADL0121A","Q3화장실,Q4목욕,Q5몸단장,Q6b옷입기,Q6a옷고르기,Q7전화,Q11식사준비,Q15외출,Q16a쇼핑,Q18혼자있기,Q21글쓰기",0.5691,14.34,0.5525,2156,0.0196,0.5887,17.75,True,True,0.8872968129825325,48
EN,11,"ADL0101,ADL0102,ADL0103,ADL0104,ADL0105,ADL0106B,ADL0106A,ADL0107A,ADL0113A,ADL0115A,ADL0116A","Q1먹기,Q2걷기,Q3화장실,Q4목욕,Q5몸단장,Q6b옷입기,Q6a옷고르기,Q7전화,Q13빨래,Q15외출,Q16a쇼핑",0.5683,14.38,0.5463,2189,0.0204,0.5887,17.75,True,True,0.88774411032186,49
L2,12,"ADL0103,ADL0104,ADL0105,ADL0106A,ADL0107A,ADL0110A,ADL0111A,ADL0114A,ADL0115A,ADL0116A,ADL0117A,Q18","Q3화장실,Q4목욕,Q5몸단장,Q6a옷고르기,Q7전화,Q10설거지,Q11식사준비,Q14가전,Q15외출,Q16a쇼핑,Q17금전,Q18혼자있기",0.5485,14.98,0.5638,2164,0.0402,0.5887,17.75,True,True,0.8878288039772524,50
L2,12,"ADL0101,ADL0103,ADL0104,ADL0105,ADL0106A,ADL0110A,ADL0115A,ADL0116A,ADL0116B,ADL0117A,ADL0122Q,ADL0123L","Q1먹기,Q3화장실,Q4목욕,Q5몸단장,Q6a옷고르기,Q10설거지,Q15외출,Q16a쇼핑,Q16b지불,Q17금전,Q22취미,Q23가전사용",0.5457,15.07,0.5632,2186,0.043,0.5887,17.75,True,True,0.8879858939606724,51
EN,13,"ADL0101,ADL0103,ADL0104,ADL0105,ADL0106B,ADL0106A,ADL0107A,ADL0110A,ADL0115A,ADL0116A,ADL0116B,ADL0121A,ADL0122Q","Q1먹기,Q3화장실,Q4목욕,Q5몸단장,Q6b옷입기,Q6a옷고르기,Q7전화,Q10설거지,Q15외출,Q16a쇼핑,Q16b지불,Q21글쓰기,Q22취미",0.5672,14.43,0.5538,2172,0.0215,0.5887,17.75,True,True,0.8882182990930123,52
EN,13,"ADL0102,ADL0103,ADL0104,ADL0105,ADL0106B,ADL0106A,ADL0107A,ADL0110A,ADL0113A,ADL0115A,ADL0116A,Q18,ADL0121A","Q2걷기,Q3화장실,Q4목욕,Q5몸단장,Q6b옷입기,Q6a옷고르기,Q7전화,Q10설거지,Q13빨래,Q15외출,Q16a쇼핑,Q18혼자있기,Q21글쓰기",0.5374,15.33,0.5623,2151,0.0513,0.5887,17.75,True,True,0.8882604066730945,53
L2,12,"ADL0102,ADL0103,ADL0104,ADL0105,ADL0106A,ADL0113A,ADL0115A,ADL0116A,ADL0117A,Q18,ADL0122Q,ADL0123L","Q2걷기,Q3화장실,Q4목욕,Q5몸단장,Q6a옷고르기,Q13빨래,Q15외출,Q16a쇼핑,Q17금전,Q18혼자있기,Q22취미,Q23가전사용",0.5162,15.97,0.5772,2166,0.0726,0.5887,17.75,True,True,0.8882828002497746,54
EN,14,"ADL0102,ADL0103,ADL0104,ADL0105,ADL0106B,ADL0106A,ADL0107A,ADL0110A,ADL0113A,ADL0115A,ADL0116A,ADL0117A,Q18,ADL0121A","Q2걷기,Q3화장실,Q4목욕,Q5몸단장,Q6b옷입기,Q6a옷고르기,Q7전화,Q10설거지,Q13빨래,Q15외출,Q16a쇼핑,Q17금전,Q18혼자있기,Q21글쓰기",0.5375,15.33,0.5634,2149,0.0513,0.5887,17.75,True,True,0.8883453395761011,55
L2,13,"ADL0102,ADL0103,ADL0104,ADL0105,ADL0106A,ADL0113A,ADL0114A,ADL0115A,ADL0116A,ADL0117A,Q18,ADL0122Q,ADL0123L","Q2걷기,Q3화장실,Q4목욕,Q5몸단장,Q6a옷고르기,Q13빨래,Q14가전,Q15외출,Q16a쇼핑,Q17금전,Q18혼자있기,Q22취미,Q23가전사용",0.5164,15.97,0.5795,2165,0.0723,0.5887,17.75,True,True,0.8884526660557878,56
L2,10,"ADL0102,ADL0103,ADL0104,ADL0105,ADL0106A,ADL0115A,ADL0116A,ADL0117A,Q18,ADL0122Q","Q2걷기,Q3화장실,Q4목욕,Q5몸단장,Q6a옷고르기,Q15외출,Q16a쇼핑,Q17금전,Q18혼자있기,Q22취미",0.5166,15.97,0.5766,2172,0.0722,0.5887,17.75,True,True,0.8886225318618011,57
EN,11,"ADL0101,ADL0103,ADL0104,ADL0105,ADL0106A,ADL0110A,ADL0115A,ADL0116A,ADL0116B,ADL0122Q,ADL0123L","Q1먹기,Q3화장실,Q4목욕,Q5몸단장,Q6a옷고르기,Q10설거지,Q15외출,Q16a쇼핑,Q16b지불,Q22취미,Q23가전사용",0.5466,15.07,0.5617,2188,0.0421,0.5887,17.75,True,True,0.8887502900877321,58
EN,12,"ADL0103,ADL0104,ADL0105,ADL0106A,ADL0110A,ADL0112A,ADL0115A,ADL0116A,ADL0116B,ADL0117A,Q18,ADL0122Q","Q3화장실,Q4목욕,Q5몸단장,Q6a옷고르기,Q10설거지,Q12집안일,Q15외출,Q16a쇼핑,Q16b지불,Q17금전,Q18혼자있기,Q22취미",0.5497,14.98,0.5613,2165,0.0391,0.5887,17.75,True,True,0.8888479988133318,59
EN,14,"ADL0101,ADL0102,ADL0103,ADL0104,ADL0105,ADL0106B,ADL0106A,ADL0107A,ADL0110A,ADL0113A,ADL0115A,ADL0116A,Q18,ADL0121A","Q1먹기,Q2걷기,Q3화장실,Q4목욕,Q5몸단장,Q6b옷입기,Q6a옷고르기,Q7전화,Q10설거지,Q13빨래,Q15외출,Q16a쇼핑,Q18혼자있기,Q21글쓰기",0.5384,15.33,0.5634,2151,0.0504,0.5887,17.75,True,True,0.8891097357031608,60
EN,10,"ADL0103,ADL0104,ADL0105,ADL0106A,ADL0110A,ADL0115A,ADL0116A,ADL0116B,ADL0122Q,ADL0123L","Q3화장실,Q4목욕,Q5몸단장,Q6a옷고르기,Q10설거지,Q15외출,Q16a쇼핑,Q16b지불,Q22취미,Q23가전사용",0.5471,15.07,0.5623,2188,0.0417,0.5887,17.75,True,True,0.8891749546027653,61
L2,13,"ADL0102,ADL0103,ADL0104,ADL0105,ADL0106A,ADL0113A,ADL0115A,ADL0116A,ADL0117A,Q18,ADL0121A,ADL0122Q,ADL0123L","Q2걷기,Q3화장실,Q4목욕,Q5몸단장,Q6a옷고르기,Q13빨래,Q15외출,Q16a쇼핑,Q17금전,Q18혼자있기,Q21글쓰기,Q22취미,Q23가전사용",0.5153,16.03,0.5776,2152,0.0734,0.5887,17.75,True,True,0.8892085449677853,62
EN,10,"ADL0103,ADL0104,ADL0105,ADL0106A,ADL0115A,ADL0116A,ADL0116B,ADL0117A,ADL0122Q,ADL0123L","Q3화장실,Q4목욕,Q5몸단장,Q6a옷고르기,Q15외출,Q16a쇼핑,Q16b지불,Q17금전,Q22취미,Q23가전사용",0.5472,15.07,0.5631,2191,0.0415,0.5887,17.75,True,True,0.8892598875057719,63
EN,11,"ADL0101,ADL0103,ADL0104,ADL0105,ADL0106A,ADL0115A,ADL0116A,ADL0116B,ADL0117A,ADL0122Q,ADL0123L","Q1먹기,Q3화장실,Q4목욕,Q5몸단장,Q6a옷고르기,Q15외출,Q16a쇼핑,Q16b지불,Q17금전,Q22취미,Q23가전사용",0.5472,15.07,0.5638,2191,0.0415,0.5887,17.75,True,True,0.8892598875057719,64
L2,9,"ADL0103,ADL0104,ADL0105,ADL0106B,ADL0106A,ADL0111A,ADL0115A,ADL0116A,Q18","Q3화장실,Q4목욕,Q5몸단장,Q6b옷입기,Q6a옷고르기,Q11식사준비,Q15외출,Q16a쇼핑,Q18혼자있기",0.5619,14.63,0.5517,2173,0.0268,0.5887,17.75,True,True,0.8893506580505626,65
L2,10,"ADL0101,ADL0103,ADL0104,ADL0105,ADL0106A,ADL0107A,ADL0115A,ADL0116A,Q18,ADL0122Q","Q1먹기,Q3화장실,Q4목욕,Q5몸단장,Q6a옷고르기,Q7전화,Q15외출,Q16a쇼핑,Q18혼자있기,Q22취미",0.5175,15.97,0.5787,2172,0.0712,0.5887,17.75,True,True,0.8893869279888607,66
EN,13,"ADL0101,ADL0103,ADL0104,ADL0105,ADL0106A,ADL0107A,ADL0110A,ADL0111A,ADL0114A,ADL0115A,ADL0116A,ADL0116B,Q18","Q1먹기,Q3화장실,Q4목욕,Q5몸단장,Q6a옷고르기,Q7전화,Q10설거지,Q11식사준비,Q14가전,Q15외출,Q16a쇼핑,Q16b지불,Q18혼자있기",0.539,15.33,0.5692,2165,0.0497,0.5887,17.75,True,True,0.8896193331212006,67
EN,14,"ADL0101,ADL0103,ADL0104,ADL0105,ADL0106A,ADL0107A,ADL0110A,ADL0111A,ADL0114A,ADL0115A,ADL0116A,ADL0116B,ADL0117A,Q18","Q1먹기,Q3화장실,Q4목욕,Q5몸단장,Q6a옷고르기,Q7전화,Q10설거지,Q11식사준비,Q14가전,Q15외출,Q16a쇼핑,Q16b지불,Q17금전,Q18혼자있기",0.5391,15.33,0.5683,2163,0.0497,0.5887,17.75,True,True,0.8897042660242072,68
L2,10,"ADL0102,ADL0103,ADL0104,ADL0105,ADL0106A,ADL0107A,ADL0115A,ADL0116A,ADL0117A,Q18","Q2걷기,Q3화장실,Q4목욕,Q5몸단장,Q6a옷고르기,Q7전화,Q15외출,Q16a쇼핑,Q17금전,Q18혼자있기",0.5297,15.62,0.5707,2173,0.0591,0.5887,17.75,True,True,0.8898895872260913,69
EN,12,"ADL0101,ADL0103,ADL0104,ADL0105,ADL0106A,ADL0110A,ADL0115A,ADL0116A,ADL0116B,ADL0117A,ADL0122Q,ADL0123L","Q1먹기,Q3화장실,Q4목욕,Q5몸단장,Q6a옷고르기,Q10설거지,Q15외출,Q16a쇼핑,Q16b지불,Q17금전,Q22취미,Q23가전사용",0.548,15.07,0.5605,2186,0.0407,0.5887,17.75,True,True,0.8899393507298249,70
EN,11,"ADL0103,ADL0104,ADL0105,ADL0106A,ADL0110A,ADL0115A,ADL0116A,ADL0116B,ADL0117A,ADL0122Q,ADL0123L","Q3화장실,Q4목욕,Q5몸단장,Q6a옷고르기,Q10설거지,Q15외출,Q16a쇼핑,Q16b지불,Q17금전,Q22취미,Q23가전사용",0.548,15.07,0.5613,2186,0.0407,0.5887,17.75,True,True,0.8899393507298249,71
L2,12,"ADL0103,ADL0104,ADL0105,ADL0106A,ADL0107A,ADL0111A,ADL0114A,ADL0115A,ADL0116A,ADL0117A,Q18,ADL0122Q","Q3화장실,Q4목욕,Q5몸단장,Q6a옷고르기,Q7전화,Q11식사준비,Q14가전,Q15외출,Q16a쇼핑,Q17금전,Q18혼자있기,Q22취미",0.551,14.98,0.5642,2165,0.0377,0.5887,17.75,True,True,0.889952126552418,72
L2,12,"ADL0102,ADL0103,ADL0104,ADL0105,ADL0106A,ADL0113A,ADL0115A,ADL0116A,Q18,ADL0121A,ADL0122Q,ADL0123L","Q2걷기,Q3화장실,Q4목욕,Q5몸단장,Q6a옷고르기,Q13빨래,Q15외출,Q16a쇼핑,Q18혼자있기,Q21글쓰기,Q22취미,Q23가전사용",0.5162,16.03,0.5773,2154,0.0725,0.5887,17.75,True,True,0.8899729410948449,73
EN,14,"ADL0102,ADL0103,ADL0104,ADL0105,ADL0106B,ADL0106A,ADL0107A,ADL0110A,ADL0113A,ADL0115A,ADL0116A,Q18,ADL0121A,ADL0122Q","Q2걷기,Q3화장실,Q4목욕,Q5몸단장,Q6b옷입기,Q6a옷고르기,Q7전화,Q10설거지,Q13빨래,Q15외출,Q16a쇼핑,Q18혼자있기,Q21글쓰기,Q22취미",0.5396,15.33,0.5618,2148,0.0492,0.5887,17.75,True,True,0.8901289305392401,74
L2,13,"ADL0101,ADL0102,ADL0103,ADL0104,ADL0105,ADL0106B,ADL0106A,ADL0107A,ADL0115A,ADL0116A,ADL0116B,ADL0117A,ADL0122Q","Q1먹기,Q2걷기,Q3화장실,Q4목욕,Q5몸단장,Q6b옷입기,Q6a옷고르기,Q7전화,Q15외출,Q16a쇼핑,Q16b지불,Q17금전,Q22취미",0.5712,14.38,0.5482,2190,0.0175,0.5887,17.75,True,True,0.890207164509052,75
EN,13,"ADL0103,ADL0104,ADL0105,ADL0106B,ADL0106A,ADL0107A,ADL0110A,ADL0115A,ADL0116A,ADL0116B,ADL0117A,ADL0121A,ADL0122Q","Q3화장실,Q4목욕,Q5몸단장,Q6b옷입기,Q6a옷고르기,Q7전화,Q10설거지,Q15외출,Q16a쇼핑,Q16b지불,Q17금전,Q21글쓰기,Q22취미",0.5696,14.43,0.5499,2170,0.0192,0.5887,17.75,True,True,0.8902566887651713,76
L2,12,"ADL0101,ADL0103,ADL0104,ADL0105,ADL0106A,ADL0107A,ADL0110A,ADL0115A,ADL0116A,ADL0116B,ADL0122Q,ADL0123L","Q1먹기,Q3화장실,Q4목욕,Q5몸단장,Q6a옷고르기,Q7전화,Q10설거지,Q15외출,Q16a쇼핑,Q16b지불,Q22취미,Q23가전사용",0.5371,15.41,0.5683,2186,0.0517,0.5887,17.75,True,True,0.8902591290908352,77
L2,13,"ADL0101,ADL0103,ADL0104,ADL0105,ADL0106A,ADL0107A,ADL0111A,ADL0114A,ADL0115A,ADL0116A,ADL0117A,Q18,ADL0122Q","Q1먹기,Q3화장실,Q4목욕,Q5몸단장,Q6a옷고르기,Q7전화,Q11식사준비,Q14가전,Q15외출,Q16a쇼핑,Q17금전,Q18혼자있기,Q22취미",0.5515,14.98,0.5611,2165,0.0372,0.5887,17.75,True,True,0.8903767910674512,78
L2,12,"ADL0102,ADL0103,ADL0104,ADL0105,ADL0106A,ADL0107A,ADL0113A,ADL0114A,ADL0115A,ADL0116A,Q18,ADL0122Q","Q2걷기,Q3화장실,Q4목욕,Q5몸단장,Q6a옷고르기,Q7전화,Q13빨래,Q14가전,Q15외출,Q16a쇼핑,Q18혼자있기,Q22취미",0.5192,15.97,0.5806,2165,0.0696,0.5887,17.75,True,True,0.8908307873399732,79
L2,11,"ADL0103,ADL0104,ADL0105,ADL0106A,ADL0107A,ADL0110A,ADL0115A,ADL0116A,ADL0116B,ADL0122Q,ADL0123L","Q3화장실,Q4목욕,Q5몸단장,Q6a옷고르기,Q7전화,Q10설거지,Q15외출,Q16a쇼핑,Q16b지불,Q22취미,Q23가전사용",0.5384,15.41,0.5688,2186,0.0503,0.5887,17.75,True,True,0.8913632568299212,80
L2,13,"ADL0101,ADL0103,ADL0104,ADL0105,ADL0106A,ADL0107A,ADL0110A,ADL0111A,ADL0114A,ADL0115A,ADL0116A,ADL0117A,Q18","Q1먹기,Q3화장실,Q4목욕,Q5몸단장,Q6a옷고르기,Q7전화,Q10설거지,Q11식사준비,Q14가전,Q15외출,Q16a쇼핑,Q17금전,Q18혼자있기",0.5527,14.98,0.562,2164,0.0361,0.5887,17.75,True,True,0.8913959859035305,81
EN,12,"ADL0101,ADL0103,ADL0104,ADL0105,ADL0106A,ADL0107A,ADL0111A,ADL0114A,ADL0115A,ADL0116A,ADL0116B,Q18","Q1먹기,Q3화장실,Q4목욕,Q5몸단장,Q6a옷고르기,Q7전화,Q11식사준비,Q14가전,Q15외출,Q16a쇼핑,Q16b지불,Q18혼자있기",0.5413,15.33,0.568,2169,0.0475,0.5887,17.75,True,True,0.8915727898903528,82
L2,11,"ADL0101,ADL0103,ADL0104,ADL0105,ADL0106A,ADL0110A,ADL0115A,ADL0116A,ADL0116B,ADL0122Q,ADL0123L","Q1먹기,Q3화장실,Q4목욕,Q5몸단장,Q6a옷고르기,Q10설거지,Q15외출,Q16a쇼핑,Q16b지불,Q22취미,Q23가전사용",0.5388,15.41,0.5649,2188,0.0499,0.5887,17.75,True,True,0.8917029884419477,83
L2,11,"ADL0102,ADL0103,ADL0104,ADL0105,ADL0106A,ADL0113A,ADL0115A,ADL0116A,Q18,ADL0122Q,ADL0123L","Q2걷기,Q3화장실,Q4목욕,Q5몸단장,Q6a옷고르기,Q13빨래,Q15외출,Q16a쇼핑,Q18혼자있기,Q22취미,Q23가전사용",0.5203,15.97,0.5738,2168,0.0684,0.5887,17.75,True,True,0.8917650492730462,84
EN,14,"ADL0101,ADL0103,ADL0104,ADL0105,ADL0106A,ADL0107A,ADL0110A,ADL0112A,ADL0113A,ADL0115A,ADL0116A,ADL0116B,Q18,ADL0122Q","Q1먹기,Q3화장실,Q4목욕,Q5몸단장,Q6a옷고르기,Q7전화,Q10설거지,Q12집안일,Q13빨래,Q15외출,Q16a쇼핑,Q16b지불,Q18혼자있기,Q22취미",0.5419,15.33,0.5687,2159,0.0468,0.5887,17.75,True,True,0.8920823873083926,85
L2,14,"ADL0101,ADL0103,ADL0104,ADL0105,ADL0106B,ADL0106A,ADL0107A,ADL0111A,ADL0114A,ADL0115A,ADL0116A,ADL0117A,Q18,ADL0122Q","Q1먹기,Q3화장실,Q4목욕,Q5몸단장,Q6b옷입기,Q6a옷고르기,Q7전화,Q11식사준비,Q14가전,Q15외출,Q16a쇼핑,Q17금전,Q18혼자있기,Q22취미",0.5654,14.63,0.5497,2165,0.0234,0.5887,17.75,True,True,0.8923233096557945,86
EN,11,"ADL0103,ADL0104,ADL0105,ADL0106A,ADL0110A,ADL0112A,ADL0115A,ADL0116A,ADL0116B,Q18,ADL0122Q","Q3화장실,Q4목욕,Q5몸단장,Q6a옷고르기,Q10설거지,Q12집안일,Q15외출,Q16a쇼핑,Q16b지불,Q18혼자있기,Q22취미",0.5538,14.98,0.5625,2167,0.035,0.5887,17.75,True,True,0.8923302478366034,87
EN,10,"ADL0102,ADL0103,ADL0104,ADL0105,ADL0106A,ADL0107A,ADL0115A,ADL0116A,Q18,ADL0121A","Q2걷기,Q3화장실,Q4목욕,Q5몸단장,Q6a옷고르기,Q7전화,Q15외출,Q16a쇼핑,Q18혼자있기,Q21글쓰기",0.519,16.03,0.5747,2160,0.0698,0.5887,17.75,True,True,0.8923510623790305,88
L2,13,"ADL0101,ADL0103,ADL0104,ADL0105,ADL0106A,ADL0107A,ADL0112A,ADL0115A,ADL0116A,ADL0116B,ADL0117A,Q18,ADL0122Q","Q1먹기,Q3화장실,Q4목욕,Q5몸단장,Q6a옷고르기,Q7전화,Q12집안일,Q15외출,Q16a쇼핑,Q16b지불,Q17금전,Q18혼자있기,Q22취미",0.5307,15.68,0.5752,2167,0.0581,0.5887,17.75,True,True,0.892429057101228,89
EN,12,"ADL0101,ADL0102,ADL0103,ADL0104,ADL0105,ADL0106A,ADL0107A,ADL0114A,ADL0115A,ADL0116A,ADL0117A,Q18","Q1먹기,Q2걷기,Q3화장실,Q4목욕,Q5몸단장,Q6a옷고르기,Q7전화,Q14가전,Q15외출,Q16a쇼핑,Q17금전,Q18혼자있기",0.5327,15.62,0.5682,2172,0.0561,0.5887,17.75,True,True,0.8924375743162901,90
EN,12,"ADL0101,ADL0102,ADL0103,ADL0104,ADL0105,ADL0106B,ADL0106A,ADL0113A,ADL0115A,ADL0116A,Q18,ADL0121A","Q1먹기,Q2걷기,Q3화장실,Q4목욕,Q5몸단장,Q6b옷입기,Q6a옷고르기,Q13빨래,Q15외출,Q16a쇼핑,Q18혼자있기,Q21글쓰기",0.5424,15.33,0.5643,2157,0.0463,0.5887,17.75,True,True,0.8925070518234257,91
L2,14,"ADL0101,ADL0103,ADL0104,ADL0105,ADL0106B,ADL0106A,ADL0107A,ADL0112A,ADL0113A,ADL0115A,ADL0116A,ADL0116B,ADL0122Q,ADL0123L","Q1먹기,Q3화장실,Q4목욕,Q5몸단장,Q6b옷입기,Q6a옷고르기,Q7전화,Q12집안일,Q13빨래,Q15외출,Q16a쇼핑,Q16b지불,Q22취미,Q23가전사용",0.5706,14.48,0.5498,2182,0.0182,0.5887,17.75,True,True,0.8925144684994629,92
L2,14,"ADL0103,ADL0104,ADL0105,ADL0106B,ADL0106A,ADL0107A,ADL0112A,ADL0113A,ADL0115A,ADL0116A,ADL0116B,ADL0117A,ADL0122Q,ADL0123L","Q3화장실,Q4목욕,Q5몸단장,Q6b옷입기,Q6a옷고르기,Q7전화,Q12집안일,Q13빨래,Q15외출,Q16a쇼핑,Q16b지불,Q17금전,Q22취미,Q23가전사용",0.5706,14.48,0.5502,2180,0.0181,0.5887,17.75,True,True,0.8925144684994629,93
L2,11,"ADL0101,ADL0103,ADL0104,ADL0105,ADL0106A,ADL0107A,ADL0115A,ADL0116A,ADL0117A,Q18,ADL0122Q","Q1먹기,Q3화장실,Q4목욕,Q5몸단장,Q6a옷고르기,Q7전화,Q15외출,Q16a쇼핑,Q17금전,Q18혼자있기,Q22취미",0.5212,15.97,0.5728,2170,0.0675,0.5887,17.75,True,True,0.8925294454001058,94
EN,14,"ADL0101,ADL0103,ADL0104,ADL0105,ADL0106B,ADL0106A,ADL0107A,ADL0110A,ADL0115A,ADL0116A,ADL0116B,ADL0117A,ADL0121A,ADL0122Q","Q1먹기,Q3화장실,Q4목욕,Q5몸단장,Q6b옷입기,Q6a옷고르기,Q7전화,Q10설거지,Q15외출,Q16a쇼핑,Q16b지불,Q17금전,Q21글쓰기,Q22취미",0.5724,14.43,0.5472,2170,0.0164,0.5887,17.75,True,True,0.8926348100493569,95
EN,11,"ADL0102,ADL0103,ADL0104,ADL0105,ADL0106A,ADL0107A,ADL0115A,ADL0116A,ADL0117A,Q18,ADL0121A","Q2걷기,Q3화장실,Q4목욕,Q5몸단장,Q6a옷고르기,Q7전화,Q15외출,Q16a쇼핑,Q17금전,Q18혼자있기,Q21글쓰기",0.5195,16.03,0.5748,2158,0.0693,0.5887,17.75,True,True,0.8927757268940635,96
L2,11,"ADL0101,ADL0103,ADL0104,ADL0105,ADL0106A,ADL0107A,ADL0113A,ADL0115A,ADL0116A,Q18,ADL0122Q","Q1먹기,Q3화장실,Q4목욕,Q5몸단장,Q6a옷고르기,Q7전화,Q13빨래,Q15외출,Q16a쇼핑,Q18혼자있기,Q22취미",0.5217,15.97,0.5727,2166,0.067,0.5887,17.75,True,True,0.892954109915139,97
EN,11,"ADL0102,ADL0103,ADL0104,ADL0105,ADL0106A,ADL0107A,ADL0114A,ADL0115A,ADL0116A,ADL0117A,Q18","Q2걷기,Q3화장실,Q4목욕,Q5몸단장,Q6a옷고르기,Q7전화,Q14가전,Q15외출,Q16a쇼핑,Q17금전,Q18혼자있기",0.5336,15.62,0.5687,2172,0.0551,0.5887,17.75,True,True,0.8932019704433497,98
EN,13,"ADL0101,ADL0102,ADL0103,ADL0104,ADL0105,ADL0106A,ADL0107A,ADL0110A,ADL0113A,ADL0115A,ADL0116A,ADL0117A,Q18","Q1먹기,Q2걷기,Q3화장실,Q4목욕,Q5몸단장,Q6a옷고르기,Q7전화,Q10설거지,Q13빨래,Q15외출,Q16a쇼핑,Q17금전,Q18혼자있기",0.522,15.97,0.5728,2163,0.0668,0.5887,17.75,True,True,0.8932089086241588,99
L2,10,"ADL0103,ADL0104,ADL0105,ADL0106A,ADL0107A,ADL0111A,ADL0114A,ADL0115A,ADL0116A,Q18","Q3화장실,Q4목욕,Q5몸단장,Q6a옷고르기,Q7전화,Q11식사준비,Q14가전,Q15외출,Q16a쇼핑,Q18혼자있기",0.5668,14.63,0.553,2170,0.0219,0.5887,17.75,True,True,0.8935123702978872,100
