item,coef_raw,se_raw,z_raw,p_raw,OR_raw,OR_raw_ci_low,OR_raw_ci_high,sig_raw,coef_per_1SD,se_z,z_z,p_z,OR_per_1SD,OR_per_1SD_ci_low,OR_per_1SD_ci_high,sig_z,mean,std
ADL0115A,-0.4909290982494083,0.052764214500926644,-9.3042055660809,0.0,0.6120574684089349,0.5519228766548596,0.67874400660043,*,-0.5437384054758867,0.058437802019050404,-9.304566337019844,0.0,0.5805737701967781,0.5177428971779295,0.6510295061076693,*,2.8659420289855073,1.1075168972971843
ADL0104,-0.5870791409682935,0.07788573665801599,-7.5376977372129845,4.773959005888173e-14,0.5559487634932913,0.47724027926018536,0.6476381836605488,*,-0.44536574680117585,0.05908305448214861,-7.537960769034697,4.773959005888173e-14,0.6405899394597823,0.5705419767057461,0.7192380005174029,*,2.5253623188405796,0.7585800612359699
Q18,-0.335110638638148,0.04680520932917858,-7.159686783608476,8.08686451136964e-13,0.715258946698903,0.6525621802499805,0.7839794832070172,*,-0.358746001357404,0.05010815697115096,-7.159433175000764,8.100187187665142e-13,0.6985517600186673,0.633206941147583,0.7706399436190708,*,2.229619565217391,1.0705593486759584
ADL0103,-0.7396966871796381,0.12731503794509033,-5.809971069550022,6.248363826344416e-09,0.47725865223752617,0.3718613677326767,0.6125288639806306,*,-0.314858676301555,0.054189265238409716,-5.810351458288109,6.234182503561669e-09,0.729892018020009,0.656344394508691,0.8116811272047313,*,2.89356884057971,0.42562224138597815
ADL0105,-0.43860536235637765,0.08331651177486223,-5.264326998489525,1.407038219269907e-07,0.6449352451410953,0.5477667477514192,0.759340489601903,*,-0.2860139687669605,0.054333361855618066,-5.264058011484645,1.4090995481552682e-07,0.751252121807773,0.6753613770226078,0.835670753054906,*,2.66893115942029,0.6521246899198063
ADL0116B,-0.5117668781979041,0.1314392543537498,-3.893561940183846,9.878296468168735e-05,0.5994355130454518,0.4632966039438893,0.7755786061051775,*,-0.25565747772654024,0.06570932629109429,-3.8907335100952025,9.994164708948539e-05,0.7744071750763165,0.680826513908658,0.8808506433845192,*,0.49094202898550726,0.49991794642831194
ADL0111A,-0.1425213923821083,0.04685980133384594,-3.041442522701602,0.0023544751284205745,0.8671690032831598,0.791071753454732,0.9505864379193006,*,-0.14795280747605943,0.0486481938654674,-3.041280584541552,0.0023557419146189584,0.8624718162034745,0.7840337058091343,0.9487572131578806,*,2.0384963768115942,1.0381595616037023
ADL0117A,-0.14211445404008907,0.050642226299196264,-2.806244204203648,0.005012269036100747,0.8675219594104262,0.7855483911968318,0.9580496357616886,*,-0.14117668705854872,0.050313198265261753,-2.80595732185888,0.005016733638258497,0.8683358744313918,0.7867926330756303,0.9583302628000726,*,1.7155797101449275,0.9934988079144595
ADL0110A,0.1275292833917929,0.053164929215784994,2.3987482965354663,0.016451218749754082,1.1360181342181974,1.023600201470456,1.260782480717246,*,0.1259335256032007,0.0525086389293768,2.3983391718185474,0.016469607198814407,1.1342067700661413,1.0232835190584209,1.2571540275050839,*,2.5095108695652173,0.9876502526810708
ADL0107A,-0.07907116330791589,0.03793355423654468,-2.0844649255602783,0.037117897438275094,0.9239741690471305,0.85776858561273,0.9952897312699922,*,-0.1098218256455006,0.052663058389574864,-2.0853674094104804,0.037035962799300215,0.8959937641857881,0.8081226640105409,0.99341951564094,*,2.729619565217391,1.3882893498970208
ADL0116A,-0.08094127085732791,0.055068491165199907,-1.4698291009011357,0.14160804544699768,0.9222478526798901,0.8278895613199805,1.0273605822696597,,-0.09690842030421784,0.06584964469863798,-1.471662007406735,0.14111217196976855,0.9076391236420996,0.7977390628508655,1.0326795027709539,,1.774909420289855,1.1957673658553287
ADL0113A,-0.047598842323994243,0.03660655335805219,-1.3002819975545206,0.19350433583856175,0.9535162207154173,0.887499175270409,1.0244439752751247,,-0.0783830014659757,0.060290799093771164,-1.300082311797949,0.19357275936673246,0.9246102316451101,0.8215578141233376,1.0405890684334487,,2.4823369565217392,1.6469821904731285
ADL0123L,-0.045426476564561565,0.04114995280381892,-1.1039253624695717,0.26962551588838624,0.9555898582384517,0.8815439818508778,1.0358552675397348,,-0.06553378405192489,0.0593200062633613,-1.104750120237285,0.26926787926286444,0.9365674051832926,0.8337672466507954,1.0520424110868725,,2.892210144927536,1.4415461352960355
ADL0112A,0.06440152351498156,0.0590112401530841,1.0913433330313724,0.2751218369931454,1.0665205458785665,0.9500311483529937,1.1972934537494537,,0.06300441579276034,0.05769631508718669,1.0920006883897595,0.2748327986039345,1.0650315421794954,0.9511529850842007,1.1925444209553957,,2.4166666666666665,0.9777105268923596
ADL0106A,-0.09670952570451197,0.0909040206595854,-1.063864117371297,0.28739026028947223,0.9078196661161402,0.7596622091131956,1.0848723765649602,,-0.10284409008197659,0.09665683379619283,-1.0640126108292558,0.2873229867403979,0.9022676349889758,0.7465508963733805,1.0904640113665363,,2.3029891304347827,1.0632830174719108
ADL0102,-0.13511668524407916,0.1385237195364466,-0.9754046866214054,0.32935955984435505,0.8736139678814079,0.6658950685826378,1.1461285732329825,,-0.051079621382219394,0.052333204897224116,-0.976046116085063,0.3290416118467725,0.9502030110432821,0.8575698007350288,1.0528423009087426,,2.8917572463768115,0.3777855371572226
ADL0121A,-0.03741546987481135,0.05133729269524562,-0.7288165758354535,0.466113870708742,0.9632758401068064,0.8710668418609769,1.0652458566222953,,-0.036043513062556126,0.049421394786205844,-0.7293099115975646,0.4658121106973456,0.9645983199428938,0.8755443718257101,1.0627101821195568,,1.2395833333333333,0.9626777119646671
ADL0114A,-0.028347646666112312,0.05360971455474896,-0.5287781683142943,0.5969593441420744,0.9720503779811094,0.8750951224222828,1.0797476904199435,,-0.026096109608009288,0.04940316610089874,-0.5282274734115583,0.5973414630978449,0.9742414511450674,0.8843288217828054,1.073295794222526,,2.576539855072464,0.9215281408365141
ADL0106B,-0.0344625039823012,0.06676705869303697,-0.5161602840817554,0.6057424665291731,0.9661245648311202,0.8476173874780158,1.1012004809709384,,-0.04951934507833041,0.09591975409539838,-0.5162580486713949,0.6056741921115338,0.9516867475037087,0.7885794922767583,1.148530584734408,,3.2169384057971016,1.4366272561168218
ADL0122Q,-0.014982761692436078,0.03483875099215948,-0.4300602422804415,0.6671518198850936,0.9851289214120308,0.9201057097504843,1.054747276881487,,-0.020152663737393002,0.04683860677589128,-0.4302575401915234,0.6670083098253294,0.9800490439356807,0.8940832985671282,1.0742803607432863,,1.926177536231884,1.3444341346432447
ADL0101,0.054328719270569474,0.13874803853555953,0.3915638724986058,0.6953804860675614,1.0558316173157583,0.804433129755055,1.3857962369887147,,0.01801742798022552,0.045948096310581193,0.3921256684594431,0.694965362512437,1.018180721068639,0.9304928929717228,1.1141320783708109,,2.8817934782608696,0.33116238096462974
